Apomys_lubangensis,SRR13848282
Archboldomys_luzonensis,SRR13848283
Chrotomys_mindorensis,SRR13848310
Conilurus_albipes,SRR14578808
Conilurus_penicillatus,SRR14578807
Haeromys_minahassae,SRR13848311
Hydromys_chrysogaster,SRR13848286
Leggadina_forresti,SRR14578796
Leggadina_lakedownensis,SRR14578785
Leporillus_apicalis,SRR14578774
Leporillus_conditor,SRR14578766
Lorentzimys_nouhuysi,SRR13848292
Mastacomys_fuscus,SRR14578764
Mastacomys_fuscus,SRR14578765
Mastacomys_fuscus,SRR13848315
Melomys_rufescens,SRR13848303
Mesembriomys_gouldii,SRR14578763
Mesembriomys_macrurus,SRR14578762
Notomys_alexis,SRR14578806
Notomys_amplus,SRR14578805
Notomys_cervinus,SRR14578804
Notomys_fuscus,SRR14578803
Notomys_longicaudatus,SRR14578802
Notomys_mitchellii,SRR14578801
Pseudomys_albocinereus,SRR14578800
Pseudomys_apodemoides,SRR14578799
Pseudomys_australis,SRR14578798
Pseudomys_bolami,SRR14578797
Pseudomys_calabyi,SRR14578795
Pseudomys_chapmani,SRR14578794
Pseudomys_delicatulus,SRR14720240
Pseudomys_delicatulus,SRR14578792
Pseudomys_delicatulus,SRR14578793
Pseudomys_desertor,SRR14578791
Pseudomys_fieldi,SRR14578790
Pseudomys_fumeus,SRR14578789
Pseudomys_gouldii,SRR14578788
Pseudomys_gracilicaudatus,SRR14578787
Pseudomys_hermannsburgensis,SRR14578783
Pseudomys_hermannsburgensis,SRR14578784
Pseudomys_hermannsburgensis,SRR14578786
Pseudomys_higginsi,SRR14578782
Pseudomys_johnsoni,SRR14578780
Pseudomys_johnsoni,SRR14578781
Pseudomys_novaehollandiae,SRR14578778
Pseudomys_novaehollandiae,SRR14578779
Pseudomys_occidentalis,SRR14578777
Pseudomys_oralis,SRR14578776
Pseudomys_patrius,SRR14578775
Pseudomys_shortridgei,SRR14578772
Pseudomys_shortridgei,SRR14578773
Rhynchomys_labo,SRR13848280
Zyzomys_argurus,SRR14578771
Zyzomys_maini,SRR14578770
Zyzomys_palatalis,SRR14578769
Zyzomys_pedunculatus,SRR14578768
Zyzomys_woodwardi,SRR14578767
